Matrix Size,Sparsity,Jacobi OMP Execution Time (ms),Gauss-Seidel OMP Execution Time (ms)
100,0.99999,36,5
300,0.99999,40,11
1000,0.99999,65,43
3000,0.99999,328,262
10000,0.99999,1672,1593
30000,0.99999,13864,12373
100000,0.99999,161374,135763
