Matrix Size,Sparsity,Jacobi OMP Execution Time (ms),Gauss-Seidel OMP Execution Time (ms)
100,0.99999,40,271
300,0.99999,37,76
1000,0.99999,57,45
3000,0.99999,247,239
10000,0.99999,1847,1540
30000,0.99999,12924,13144
100000,0.99999,156037,145026
