Matrix Size,Sparsity,Jacobi OMP Execution Time (ms),Gauss-Seidel OMP Execution Time (ms)
100,0.99999,38,306
300,0.99999,45,12
1000,0.99999,57,44
3000,0.99999,229,232
10000,0.99999,1825,1770
30000,0.99999,13038,13774
100000,0.99999,169352,135926
