Matrix Size,Sparsity,Jacobi OMP Execution Time (ms),Gauss-Seidel OMP Execution Time (ms)
100,0.99999,35,203
300,0.99999,17,11
1000,0.99999,56,45
3000,0.99999,574,434
10000,0.99999,1674,1796
30000,0.99999,12763,13425
100000,0.99999,163988,134394
