Matrix Size,Sparsity,Jacobi OMP Execution Time (ms),Gauss-Seidel OMP Execution Time (ms)
100,0.99999,233,5
300,0.99999,61,11
1000,0.99999,34,46
3000,0.99999,334,232
10000,0.99999,1694,1797
30000,0.99999,13407,12879
100000,0.99999,159176,132401
