Matrix Size,Sparsity,Jacobi OMP Execution Time (ms),Gauss-Seidel OMP Execution Time (ms)
100,0.99999,76.4,158.0
300,0.99999,40.0,24.2
1000,0.99999,53.8,44.6
3000,0.99999,342.4,279.8
10000,0.99999,1742.4,1699.2
30000,0.99999,13199.2,13119.0
100000,0.99999,161985.4,136702.0
